step,mean_reward,std_reward,intercept_rate,ci_lower,ci_upper
1,-0.049,0.5100000000000001,0.0,-0.14896000000000004,0.05096000000000002
2,-0.1135593220338983,0.6639634460022018,0.01694915254237288,-0.24369615745032985,0.016577513382533257
